Series Name,Series Code,Country Name,Country Code,1990 [YR1990],2000 [YR2000],2010 [YR2010],2011 [YR2011],2012 [YR2012],2013 [YR2013],2014 [YR2014],2015 [YR2015],2016 [YR2016],2017 [YR2017],2018 [YR2018],2019 [YR2019]
GDP per capita growth (annual %),NY.GDP.PCAP.KD.ZG,Afghanistan,AFG,..,..,11.264133238155,-2.68108084876349,8.97487956759646,1.97416862890181,-0.665270517698119,-1.6228866716696,-0.541697283221524,0.0820789288754185,-1.35017833585495,..
GDP per capita growth (annual %),NY.GDP.PCAP.KD.ZG,Albania,ALB,-11.1879052985212,7.63386640301194,4.2230368755483,2.82155873717815,1.58515488775825,1.1872054685296,1.98542608911822,2.51685221249549,3.48011700478818,3.91661197075454,4.40251487024605,..
GDP per capita growth (annual %),NY.GDP.PCAP.KD.ZG,Algeria,DZA,-1.75407287637022,2.39950644017739,1.74677646320451,0.980204694064881,1.40179670455345,0.761674962215693,1.71044951625483,1.60047829963847,1.10456792075573,-0.750499557879849,-0.615183264336011,..
GDP per capita growth (annual %),NY.GDP.PCAP.KD.ZG,American Samoa,ASM,..,..,1.52429560889686,0.869269598167648,-4.23437728864654,-2.83679849163521,0.803753378222467,1.36590155070407,-2.64538324917581,-5.64961891041834,2.47043521275813,..
GDP per capita growth (annual %),NY.GDP.PCAP.KD.ZG,Andorra,AND,-0.14261468196311,1.91345185341861,-5.3431361112859,-3.84725320509853,-0.0396675503243245,2.4052918336043,4.2932041332308,2.39598860802923,2.83028426104667,2.11506015294789,1.6227466770119,..
GDP per capita growth (annual %),NY.GDP.PCAP.KD.ZG,Angola,AGO,-6.65753217768963,-0.26794453749595,1.0791689367887,-0.220846531029494,4.70645928027089,1.29208564355177,1.21983278506757,-2.46871516936926,-5.81623671756851,-3.40990331461406,-5.28777959390334,..
GDP per capita growth (annual %),NY.GDP.PCAP.KD.ZG,Antigua and Barbuda,ATG,2.15497355156189,4.80818736357038,-8.92040249912563,-3.30423349856939,2.05110582991782,-1.80323259487324,2.62278049551703,2.71120684663117,4.42525495026875,2.1738184581005,6.4300264671072,..
GDP per capita growth (annual %),NY.GDP.PCAP.KD.ZG,Argentina,ARG,-3.87410316538033,-1.87491241541325,9.30012832232192,4.78868313859434,-2.14528444981811,1.26568517537076,-3.57858050983292,1.62966427946265,-3.11006389821465,1.60928234377617,-3.46737624314432,..
GDP per capita growth (annual %),NY.GDP.PCAP.KD.ZG,Armenia,ARM,..,6.57036387036523,2.58264808068078,4.72842677431717,6.91414364480887,2.82388903997261,3.07285853012422,2.73612872403588,-0.16150062037417,7.18375792957016,4.95169918007964,..
GDP per capita growth (annual %),NY.GDP.PCAP.KD.ZG,Aruba,ABW,2.09291010616282,5.42760906762929,-3.8877600461179,3.06388237087862,-1.86416771739363,3.59319794754416,0.25056693031469,-0.991547779040417,-0.716487134265762,0.855431101992977,..,..
GDP per capita growth (annual %),NY.GDP.PCAP.KD.ZG,Australia,AUS,2.04908201949108,2.70128931837841,0.492100955776877,1.04888379967608,2.1196825044921,0.834341933212656,1.01511499278639,0.732399751351792,1.17791143324995,0.657653883814675,1.3318775475184,..
GDP per capita growth (annual %),NY.GDP.PCAP.KD.ZG,Austria,AUT,3.55354779021329,3.12743665014771,1.59257712849987,2.57644831811446,0.222450576943075,-0.562298942527448,-0.122370667337563,-0.111540189504495,0.98463828322204,1.76708743764632,1.84705120008107,..
GDP per capita growth (annual %),NY.GDP.PCAP.KD.ZG,Azerbaijan,AZE,..,10.1910296245971,3.54945565734806,-2.84718295295991,0.85388605157209,4.48247007657503,1.52213919218541,-0.145834453695798,-4.14176979774351,-1.2557206009697,0.512193852983529,..
GDP per capita growth (annual %),NY.GDP.PCAP.KD.ZG,"Bahamas, The",BHS,-3.3206565034786,2.75534958824444,0.0117279344703718,-0.684017477592718,1.95077548458195,-3.8993995372296,-0.205232091040671,-0.362951163814515,-0.543773105647915,-0.93724983086706,0.544150188792798,..
GDP per capita growth (annual %),NY.GDP.PCAP.KD.ZG,Bahrain,BHR,1.31200257216312,0.852697131889045,-0.353779259512081,-0.991929406389531,1.98932964671978,4.20749360537125,2.70655678472522,0.180519551236884,-0.441055395486401,-0.940563981443205,-3.11062510562859,..
GDP per capita growth (annual %),NY.GDP.PCAP.KD.ZG,Bangladesh,BGD,3.08698402350078,3.25749967913609,4.3909803668064,5.25309562973739,5.29824495849087,4.79440164181352,4.85610832403805,5.36878342333158,5.95091457759985,6.14210394847194,6.73701752220683,..
GDP per capita growth (annual %),NY.GDP.PCAP.KD.ZG,Barbados,BRB,-3.67037140701947,4.0378869704827,-2.52650670538756,-1.09478550684366,-0.317909721480362,-1.57617530320981,-0.354732941362968,2.02613967083379,2.11009654557748,-0.325475119390731,-0.640057735871636,..
GDP per capita growth (annual %),NY.GDP.PCAP.KD.ZG,Belarus,BLR,..,6.29963644799008,7.98206918275517,5.57238583709254,1.78036177565718,0.987444297302417,1.63497132996299,-3.98264886374076,-2.6487098312428,2.56748260752468,3.18981305431069,..
GDP per capita growth (annual %),NY.GDP.PCAP.KD.ZG,Belgium,BEL,2.83026812085834,3.46545030511354,1.9287568820322,0.380018329951753,0.11641512246463,-0.0131624623842725,1.12858585492231,1.44327342388083,0.998454175156894,1.57215372315021,1.0417195307113,..
GDP per capita growth (annual %),NY.GDP.PCAP.KD.ZG,Belize,BLZ,9.01727033947066,9.21425209815376,0.879869659196203,-0.242059956602787,0.573592984675031,-1.39868416441409,1.4472478992847,1.26348827778328,-2.60297812152156,-0.551942156420353,1.07136952894078,..
GDP per capita growth (annual %),NY.GDP.PCAP.KD.ZG,Benin,BEN,5.50710721399892,2.74780021602182,-0.715273205168543,0.11605829820877,1.92472037239352,4.23970812687595,3.43371285532312,-0.695138395049582,1.13324063389516,2.96688150864692,3.97518359608362,..
GDP per capita growth (annual %),NY.GDP.PCAP.KD.ZG,Bermuda,BMU,-0.798461539604872,8.34832337923115,-1.32438480325234,-2.50110330788415,-5.17820382726485,-2.81561491083635,..,..,..,..,..,..
GDP per capita growth (annual %),NY.GDP.PCAP.KD.ZG,Bhutan,BTN,9.07481064666094,4.55561305047635,10.7733678868603,6.76852946157733,3.87705671392078,0.875533067778036,4.47932656158085,5.35000046175887,6.83061093483157,3.40833912260233,1.82227316600887,..
GDP per capita growth (annual %),NY.GDP.PCAP.KD.ZG,Bolivia,BOL,2.44505994658084,0.544926184712779,2.42927786018541,3.51097503109318,3.45369767643476,5.12757347801841,3.84375722818145,3.28271871061374,2.73203994226454,2.69606529621936,2.7521559420484,..
GDP per capita growth (annual %),NY.GDP.PCAP.KD.ZG,Bosnia and Herzegovina,BIH,..,5.2800104904355,1.5957463936588,2.12915035329164,0.848511513414408,4.15291029256724,2.90546511092504,4.67370251496288,4.45829404121947,3.1862421882704,4.48391430484476,..
GDP per capita growth (annual %),NY.GDP.PCAP.KD.ZG,Botswana,BWA,3.26516336491491,-0.0646763973303592,6.72754458970827,4.55935822956552,3.21936951496281,10.1026077984442,2.84890352119996,-3.18599697312145,2.40941657953462,0.798912535362106,2.18307407293796,..
GDP per capita growth (annual %),NY.GDP.PCAP.KD.ZG,Brazil,BRA,-4.84187100023273,2.91182644263147,6.52437280430098,3.02640687281159,1.01450977476631,2.10893071892259,-0.352473219540371,-4.35159126671624,-4.09860698244351,0.251381945083139,0.32807790722056,..
GDP per capita growth (annual %),NY.GDP.PCAP.KD.ZG,British Virgin Islands,VGB,..,..,..,..,..,..,..,..,..,..,..,..
GDP per capita growth (annual %),NY.GDP.PCAP.KD.ZG,Brunei Darussalam,BRN,-1.7484336060365,0.70238441685602,1.34764938748842,2.4166421030224,-0.427894473886155,-3.44062744548282,-3.62420517458962,-1.79814526014643,-3.60233301645837,0.213081517950215,-0.99478850862225,..
GDP per capita growth (annual %),NY.GDP.PCAP.KD.ZG,Bulgaria,BGR,-7.4632076545484,5.2844853542843,1.99327953842283,2.57051342984499,0.612051095387244,1.05790955605502,2.41800281989239,4.13351489936093,4.66831446724521,4.57230650133613,3.84031545793022,..
GDP per capita growth (annual %),NY.GDP.PCAP.KD.ZG,Burkina Faso,BFA,-3.21121444317946,-1.03264256285028,2.23943499739836,3.46627147455733,3.30923981741063,2.68483140830034,1.28209364611807,0.885054448301091,2.86309748601946,3.3195139267073,3.81291202224394,..
GDP per capita growth (annual %),NY.GDP.PCAP.KD.ZG,Burundi,BDI,0.99007908775603,-2.59368363230537,1.75637635285388,0.748442778960595,1.19805667252835,1.68746987596798,1.02152974753199,-6.88640571719623,-3.70833606243559,-2.6469412215971,-1.55740735383216,..
GDP per capita growth (annual %),NY.GDP.PCAP.KD.ZG,Cabo Verde,CPV,-1.32524696205817,12.2201034830578,0.23453418287653,2.67629883828522,-0.194322592704921,-0.480116296055641,-0.654704681340107,-0.239305247553261,3.44355629892625,2.47670834706955,3.86593584728266,..
GDP per capita growth (annual %),NY.GDP.PCAP.KD.ZG,Cambodia,KHM,..,8.26389150471097,4.34457427422036,5.38187244910158,5.57786320621257,5.59997282280331,5.40178261075788,5.33323300295301,5.36873194174099,5.38988623294368,5.90774125002211,..
GDP per capita growth (annual %),NY.GDP.PCAP.KD.ZG,Cameroon,CMR,-8.92958356207622,0.874400224367733,0.619379564665024,1.31442704875386,1.72655349970383,2.57771065589441,3.06183608083622,2.85576646935637,1.90102437362913,0.853486026492732,1.37919198196641,..
GDP per capita growth (annual %),NY.GDP.PCAP.KD.ZG,Canada,CAN,-1.33414391669075,3.94521853485763,1.94962821027747,2.14230900125942,0.663303087551242,1.25465502005018,1.83945984552483,-0.0587846370278697,-0.0313278479413128,1.76452971312881,0.471065971004833,..
GDP per capita growth (annual %),NY.GDP.PCAP.KD.ZG,Cayman Islands,CYM,..,-3.49573512734322,-5.03307407492392,-0.938990758021731,-0.624585600588375,-0.3666355490125,1.10917649171402,1.37369291079101,1.70395757303024,1.71766495706936,..,..
GDP per capita growth (annual %),NY.GDP.PCAP.KD.ZG,Central African Republic,CAF,-4.27419941685207,-4.69690381776685,3.45868616761015,3.44314497381156,4.63275672145772,-36.5568195536156,-0.2828524979235,3.66382025941674,3.72266335723018,3.20043121900284,2.22474284797838,..
GDP per capita growth (annual %),NY.GDP.PCAP.KD.ZG,Chad,TCD,-7.22078577303513,-4.46360545888291,9.82604764547629,-3.22747871539845,5.27357399354591,2.21669837698148,3.43301682181134,-0.490774024279631,-9.15696640169109,-5.92877662311096,-0.415664166030837,..
GDP per capita growth (annual %),NY.GDP.PCAP.KD.ZG,Channel Islands,CHI,..,5.19357653729118,..,..,..,..,..,..,..,..,..,..
GDP per capita growth (annual %),NY.GDP.PCAP.KD.ZG,Chile,CHL,1.65320889229147,4.09428735354267,4.75022381395627,5.05778792023305,4.30921750358573,3.03152589046083,0.692556386599065,1.10594434534089,0.332088719456664,-0.153995449190788,2.58767649434913,..
GDP per capita growth (annual %),NY.GDP.PCAP.KD.ZG,China,CHN,2.39361245948719,7.6400016553426,10.103100723313,9.02725594457161,7.33538000995731,7.23786251543072,6.75762201999564,6.36346930007561,6.16028102541586,6.16177200430054,6.08224115521752,..
GDP per capita growth (annual %),NY.GDP.PCAP.KD.ZG,Colombia,COL,2.24983574786401,1.28736794818924,3.25696262126047,6.32707006560985,2.97005236159309,3.62139702440898,3.67601244808095,1.76118405663533,0.708331383936113,-0.160980395706162,1.02471485612077,..
GDP per capita growth (annual %),NY.GDP.PCAP.KD.ZG,Comoros,COM,2.03700974834095,8.08688541007577,1.32568276597478,1.6133337948125,0.73357493936517,2.01472471272537,-0.304632304831813,-1.22946294800487,0.961267015898741,1.48145217711017,1.14050990405651,..
GDP per capita growth (annual %),NY.GDP.PCAP.KD.ZG,"Congo, Dem. Rep.",COD,-9.66521875485859,-9.25508466502153,3.5988403230232,3.36641199280993,3.57179013846071,4.92756252279231,5.89588603436783,3.44260459785792,-0.907723406654114,0.401471108096672,2.39991066397216,..
GDP per capita growth (annual %),NY.GDP.PCAP.KD.ZG,"Congo, Rep.",COG,-1.72438665001907,4.51533515450396,5.48579447913615,0.570601586728486,1.14515618228064,0.921951607167969,4.20534965928347,0.12854665941984,-5.23741467018446,-5.55919654481907,-1.5492440284501,..
GDP per capita growth (annual %),NY.GDP.PCAP.KD.ZG,Costa Rica,CRI,0.883431622169269,1.8169169226085,3.65324623708435,3.05291815906348,3.56935633914284,1.10214730569425,2.36502086820241,2.51140318953809,3.1493243924418,2.34003491400641,1.61806178494115,..
GDP per capita growth (annual %),NY.GDP.PCAP.KD.ZG,Cote d'Ivoire,CIV,-4.59949654893489,-4.58054060425691,-0.336444148996392,-6.64111818873445,8.04235248886403,6.2257068872,6.10311564011174,6.1320680300342,5.26791082713056,4.99270908561252,4.72569209854963,..
GDP per capita growth (annual %),NY.GDP.PCAP.KD.ZG,Croatia,HRV,..,4.3024071819259,-1.27257847688537,0.0349420245760825,-1.93843205749161,-0.271151237906295,0.303881742845235,3.284810940819,4.20876677937825,4.38495908505845,3.51246071661235,..
GDP per capita growth (annual %),NY.GDP.PCAP.KD.ZG,Cuba,CUB,-3.80043342742538,5.51723820295197,2.39835137746303,2.70314589675964,2.82793408625007,2.51429970385982,0.831466816994265,4.27326022419349,0.422178217262115,1.77179380101539,2.2585896849249,..
GDP per capita growth (annual %),NY.GDP.PCAP.KD.ZG,Curacao,CUW,..,..,-1.17626926774395,-0.806884969267244,-0.964264113308545,-1.91243196872605,-2.46219547578986,-1.0358839857313,-2.03087910494627,-2.05324118036592,-1.96660723942433,..
GDP per capita growth (annual %),NY.GDP.PCAP.KD.ZG,Cyprus,CYP,5.13996946978786,4.84416854825056,-1.28042962912113,-2.12588676550578,-4.34671215019054,-5.58007036190139,-0.219240256042653,2.5444893465441,4.33253543801553,3.5016365059666,2.74515567885148,..
GDP per capita growth (annual %),NY.GDP.PCAP.KD.ZG,Czech Republic,CZE,..,4.55953033078632,1.97586819137179,1.56762726240612,-0.938553681715106,-0.516675080422502,2.60703704468281,5.10241576594581,2.25397655388116,4.07576634597022,2.65491943973517,..
GDP per capita growth (annual %),NY.GDP.PCAP.KD.ZG,Denmark,DNK,1.31052514831973,3.40068456473799,1.4194865934675,0.92039369613164,-0.149916083122164,0.513424412245797,1.10543347168522,1.62216558493076,2.44336954913602,1.3818217343226,1.81793289835595,..
GDP per capita growth (annual %),NY.GDP.PCAP.KD.ZG,Djibouti,DJI,..,..,..,..,..,..,5.22658575887232,5.87297144114376,5.17874908075547,3.40908654661807,3.82998551984062,..
GDP per capita growth (annual %),NY.GDP.PCAP.KD.ZG,Dominica,DMA,5.87374595319052,2.61133524434914,0.634192936914204,-0.277141506708489,-1.12710311435788,-1.07087790978866,4.34656298881096,-2.82507730573775,2.378153300546,-6.99637283826597,2.02613137595806,..
GDP per capita growth (annual %),NY.GDP.PCAP.KD.ZG,Dominican Republic,DOM,-7.25160310713619,3.07987408113645,7.01675046987774,1.89234869891592,1.49996328098698,3.65078722860287,5.81880990784531,5.71542577206503,5.4686354669428,3.51792400192824,5.83455956557802,..
GDP per capita growth (annual %),NY.GDP.PCAP.KD.ZG,Ecuador,ECU,1.25724814827197,-0.813530424638515,1.89292757238246,6.2210516775317,4.07025297076338,3.38728046840993,2.1989412270929,-1.50758512320009,-2.89802488713731,0.573877116510374,-0.397089902803245,..
GDP per capita growth (annual %),NY.GDP.PCAP.KD.ZG,"Egypt, Arab Rep.",EGY,3.13372619990464,4.33634758828747,3.08086461640956,-0.363937290737226,-0.012959636795415,-0.105957426078533,0.616853230317076,2.09372219629829,2.13201200912987,2.02557785770934,3.19443129839827,..
GDP per capita growth (annual %),NY.GDP.PCAP.KD.ZG,El Salvador,SLV,3.44953512139028,0.385980765791615,1.6718667861082,3.37085104321105,2.3646277003393,1.7729191132332,1.24121832990988,1.91336058273393,2.00677322794024,1.79440942570091,2.01797814423728,..
GDP per capita growth (annual %),NY.GDP.PCAP.KD.ZG,Equatorial Guinea,GNQ,-4.70401664135457,13.4532932664748,-12.9816890324711,1.8592726274268,3.65575583797506,-8.1607311466606,-3.68850197019202,-12.7105829873211,-12.313974362785,-8.22197814140453,-9.49735268324022,..
GDP per capita growth (annual %),NY.GDP.PCAP.KD.ZG,Eritrea,ERI,..,-5.46628303099223,0.565915707035771,7.2076052658756,..,..,..,..,..,..,..,..
GDP per capita growth (annual %),NY.GDP.PCAP.KD.ZG,Estonia,EST,..,9.57521306550501,2.94140132344222,7.7682546216908,3.47997321230089,1.70751319282927,3.25777091485901,1.77814515858563,2.6016939207021,5.62084882162608,4.48356857067742,..
GDP per capita growth (annual %),NY.GDP.PCAP.KD.ZG,Eswatini,SWZ,17.4992346418024,0.613767121414185,3.07537247364714,1.56099227645015,4.68276864861086,3.14067096197246,0.159172779992133,1.47629849505751,0.364686672930702,1.04812008898153,1.32064533880811,..
GDP per capita growth (annual %),NY.GDP.PCAP.KD.ZG,Ethiopia,ETH,-0.739172813143156,3.05912587133388,9.46059714812554,8.09484989853613,5.61658278843269,7.49986434435532,7.21318728241347,7.39145149516671,6.50967619654823,6.62575716124269,4.0480702388884,..
GDP per capita growth (annual %),NY.GDP.PCAP.KD.ZG,Faroe Islands,FRO,..,..,..,..,..,..,..,..,..,..,..,..
GDP per capita growth (annual %),NY.GDP.PCAP.KD.ZG,Fiji,FJI,5.22219073498999,-2.27003724122942,2.21455901412079,2.27324447525878,1.22140313851646,4.66900319731189,5.50052606973317,4.40185521826095,2.06656294518055,4.81778684141298,2.82031929190161,..
GDP per capita growth (annual %),NY.GDP.PCAP.KD.ZG,Finland,FIN,0.197500409157129,5.5540011392774,2.71491986408689,2.07326241903831,-1.86540089402051,-1.35753630792438,-0.776140379969092,0.229909929575697,2.33344712217614,2.80973365212954,1.49020814289361,..
GDP per capita growth (annual %),NY.GDP.PCAP.KD.ZG,France,FRA,2.40170426248901,3.21429771147173,1.44701286047184,1.69963011978574,-0.171212887082078,0.0599057325755012,0.472969997915911,0.691921866042719,0.692650644122807,2.25198093563385,1.53946311803286,..
GDP per capita growth (annual %),NY.GDP.PCAP.KD.ZG,French Polynesia,PYF,0.0635162950925832,2.07068163967502,..,..,..,..,..,..,..,..,..,..
GDP per capita growth (annual %),NY.GDP.PCAP.KD.ZG,Gabon,GAB,2.33644520724351,-4.22398533409248,3.44940874841105,3.24610391795758,1.33821343702425,1.72091797714235,0.619862380246332,0.471570201998503,-0.968799964486564,-2.29157573813745,-1.75503918821659,..
GDP per capita growth (annual %),NY.GDP.PCAP.KD.ZG,"Gambia, The",GMB,-0.771422027225384,2.25182133030938,2.78299345667688,-10.8620039743524,2.10014035501909,-0.202343345823479,-4.34615116032873,0.974136240397243,-1.05824882916572,1.75661613322822,3.45318886171901,..
GDP per capita growth (annual %),NY.GDP.PCAP.KD.ZG,Georgia,GEO,-14.7651573231485,3.83810078470003,7.02738534848979,8.26498885514242,7.18659906448971,3.91227683590895,4.35099163470379,2.83792180767264,2.8384671247927,4.78597233264762,4.71584540337722,..
GDP per capita growth (annual %),NY.GDP.PCAP.KD.ZG,Germany,DEU,4.3516390599903,2.75592866985347,4.33869191573952,5.8685566312854,0.231212502717355,0.154547997552854,1.80042003787038,0.862787538298775,1.4081021738692,2.08280772084919,1.19576289074608,..
GDP per capita growth (annual %),NY.GDP.PCAP.KD.ZG,Ghana,GHA,0.392139664963523,1.19073606083808,5.24929629042481,11.3154463953309,6.7335635915111,4.84749394231598,0.566072146028802,-0.113926824016588,1.14964735247376,5.76855148755246,3.95866714679696,..
GDP per capita growth (annual %),NY.GDP.PCAP.KD.ZG,Gibraltar,GIB,..,..,..,..,..,..,..,..,..,..,..,..
GDP per capita growth (annual %),NY.GDP.PCAP.KD.ZG,Greece,GRC,-1.05223289834686,3.49556360085978,-5.60077766134174,-8.99795499252181,-6.79786086982254,-2.53725855337746,1.41305809991432,0.220308446508582,0.225031001763696,1.70605806398576,2.19102952443156,..
GDP per capita growth (annual %),NY.GDP.PCAP.KD.ZG,Greenland,GRL,-12.1958664394107,6.91102464537168,0.69531455570224,-0.470283635075262,1.53697694464275,-0.726861643140481,5.09192733313645,-2.21491888223918,4.54780858066064,0.495375930431848,3.48701139115857,..
GDP per capita growth (annual %),NY.GDP.PCAP.KD.ZG,Grenada,GRD,4.65289881788694,4.47893879636443,-0.927075160248535,0.233770768075843,-1.75311068154448,1.66636351608054,6.62254832205858,5.76621354977149,3.11279213146641,3.88151521593714,3.63508314606946,..
GDP per capita growth (annual %),NY.GDP.PCAP.KD.ZG,Guam,GUM,..,..,1.95202775367054,-0.0325642226990794,1.83192885531163,1.56421072008787,1.34852801805248,-0.0548728532360343,-0.386696991114576,-0.561803024355356,-1.16298305304063,..
GDP per capita growth (annual %),NY.GDP.PCAP.KD.ZG,Guatemala,GTM,0.728084588397437,1.26523441476468,0.660606008963114,1.94356107087326,0.79880103212038,1.53635444095252,2.03208571757986,2.03073228914089,1.03703738650228,0.744146980276142,1.15441380050436,..
GDP per capita growth (annual %),NY.GDP.PCAP.KD.ZG,Guinea,GIN,1.28894586906605,0.189644550418052,2.47169063950359,3.2983234836683,3.6128599072168,1.64800961649622,1.29576276192627,1.27287968082506,7.92839475221174,7.29197163375291,3.19829412987171,..
GDP per capita growth (annual %),NY.GDP.PCAP.KD.ZG,Guinea-Bissau,GNB,3.76414004766939,3.3058118374565,1.95357842022229,5.29170553227767,-4.2841088312975,0.544731781281314,-1.67117159925397,3.39929449701764,3.56604944780965,3.27088724175688,1.24347414723864,..
GDP per capita growth (annual %),NY.GDP.PCAP.KD.ZG,Guyana,GUY,-2.77067888609885,-0.972939245151778,3.89983808946602,4.83348208568901,4.80662215226317,4.48024708890374,3.3409017690021,2.51074035515622,2.8360592457815,1.59228299552139,3.59447101901753,..
GDP per capita growth (annual %),NY.GDP.PCAP.KD.ZG,Haiti,HTI,-0.974078446587626,-0.855032292712508,-4.59538491674647,3.94617874030052,1.38051389062304,2.74674150786063,1.33110998436969,-0.162491567256609,0.100989435060853,-0.138520202694039,0.199179706745653,..
GDP per capita growth (annual %),NY.GDP.PCAP.KD.ZG,Honduras,HND,-0.124848218591239,4.39693235429314,1.65220739480361,1.83748927544643,2.20029190468631,0.947659870598244,1.2505917863932,2.04736639148943,2.1237044529626,3.02969316765802,2.03037523829596,..
GDP per capita growth (annual %),NY.GDP.PCAP.KD.ZG,"Hong Kong SAR, China",HKG,3.49758835724873,6.71855488873754,5.98631197877843,4.11213681205757,0.583731408804169,2.68794028050394,2.04315204288785,1.51994693688222,1.5455079229281,3.07536682400236,2.18271353755111,..
GDP per capita growth (annual %),NY.GDP.PCAP.KD.ZG,Hungary,HUN,..,4.75094476844124,0.892064394084002,2.10800410164327,-0.961635938753446,2.24414518778131,4.47614022299818,4.09285354584155,2.50204726512231,4.60053160751239,5.30035453797181,..
GDP per capita growth (annual %),NY.GDP.PCAP.KD.ZG,Iceland,ISL,0.385665625444929,3.4652125599016,-3.29681937828269,1.57087821580129,0.758868479482075,3.15350746171212,0.95093285529444,3.3850187560388,5.87164373893354,2.17876476565004,1.60130798235352,..
GDP per capita growth (annual %),NY.GDP.PCAP.KD.ZG,India,IND,3.36507304280155,2.02108869495849,7.04234688705345,3.89393034480594,4.16549983071508,5.13495690740315,6.18673198340534,6.79703974950297,6.99700950410826,6.03515452770493,5.70911688548563,..
GDP per capita growth (annual %),NY.GDP.PCAP.KD.ZG,Indonesia,IDN,5.34794515069348,3.48220912509996,4.81228178820898,4.74822060762054,4.6062842547838,4.15127123410866,3.63914313049396,3.55543956624815,3.75969380485401,3.8399824200488,3.98560422637033,..
GDP per capita growth (annual %),NY.GDP.PCAP.KD.ZG,"Iran, Islamic Rep.",IRN,10.7151794378833,4.5312395901435,4.59644695142671,1.44585223845904,-8.55329582619099,-1.42345211102175,3.27496229690991,-2.61109931279073,11.8686920039681,2.32769419892394,..,..
GDP per capita growth (annual %),NY.GDP.PCAP.KD.ZG,Iraq,IRQ,53.974877929678,-1.59512448116988,3.65211606859424,4.10458369251923,9.77515805866716,3.48825313470289,-2.97222802043903,-0.864992152213489,11.944743123531,-4.94092180862006,-2.84164269387304,..
GDP per capita growth (annual %),NY.GDP.PCAP.KD.ZG,Ireland,IRL,8.37500671725371,7.99647325469044,1.25674168561814,-0.0931766185208147,-0.198086862079819,0.819363314856702,7.76603048102096,23.9855100123151,2.51404618119044,6.97433032159738,7.14204113178181,..
GDP per capita growth (annual %),NY.GDP.PCAP.KD.ZG,Isle of Man,IMN,2.65895648644354,4.0514258421402,2.81389127970854,1.9651547242029,3.63095094852963,5.19313227275364,5.61374170268959,-0.597583107806088,7.33165525758017,3.21458886576234,..,..
GDP per capita growth (annual %),NY.GDP.PCAP.KD.ZG,Israel,ISR,4.04507937174832,4.65304344706855,3.689579220902,2.86480098065631,0.386733499756602,2.22261747395522,1.78550999108768,0.283374882783221,1.9634854703264,1.54874335156077,1.46819448325439,..
GDP per capita growth (annual %),NY.GDP.PCAP.KD.ZG,Italy,ITA,1.90043978320719,3.73994653301939,1.40091534299962,0.534287439584816,-3.24206011995115,-2.97240379999698,-0.917813879753353,0.875477401786128,1.45187539107614,1.86871464141127,0.950146897238895,..
GDP per capita growth (annual %),NY.GDP.PCAP.KD.ZG,Jamaica,JAM,3.49254678856299,0.0417150041122483,-1.97873758495648,1.1735090600902,-1.18023789201605,-0.0812249922738175,0.116180484247337,0.368152510191038,0.844838051176851,0.497977273627015,1.45452492809596,..
GDP per capita growth (annual %),NY.GDP.PCAP.KD.ZG,Japan,JPN,4.53525066825296,2.60785131459751,4.17302753841349,0.0697628079004318,1.65731759271522,2.14753175324213,0.507999337353809,1.33040088110521,0.725146429018181,2.09655174515385,0.992931322487863,..
GDP per capita growth (annual %),NY.GDP.PCAP.KD.ZG,Jordan,JOR,-3.74265060056149,2.39882700664482,-2.87747144546388,-2.78935125586044,-2.77569973353677,-2.35523732329864,-1.52251013238514,-1.43726833805459,-1.03873594338323,-0.262010615064241,0.129635568275077,..
GDP per capita growth (annual %),NY.GDP.PCAP.KD.ZG,Kazakhstan,KAZ,..,10.130500110119,5.7942251111029,5.87351405658258,3.33405598314063,4.48511694588672,2.67671489744292,-0.268267117815157,-0.327514633495596,2.69343213409594,2.74027217125541,..
GDP per capita growth (annual %),NY.GDP.PCAP.KD.ZG,Kenya,KEN,0.724833716220232,-2.12517316420769,5.49407678533396,3.28814461707709,1.81574030031956,3.14220543531229,2.69478834898624,3.11662198079976,3.34625215305526,2.4200205770605,3.89615298102062,..
GDP per capita growth (annual %),NY.GDP.PCAP.KD.ZG,Kiribati,KIR,-2.9877251981744,4.45726100763069,-2.84616940567192,-0.152553371136122,3.09689279409933,2.74655205323278,-2.06039502642585,8.87368591449706,3.64049647867546,-1.10761087720842,0.513904298601034,..
GDP per capita growth (annual %),NY.GDP.PCAP.KD.ZG,"Korea, Dem. People’s Rep.",PRK,..,..,..,..,..,..,..,..,..,..,..,..
GDP per capita growth (annual %),NY.GDP.PCAP.KD.ZG,"Korea, Rep.",KOR,8.73475681088456,8.01741822484246,5.96751942897514,2.88746326299865,1.75604381551683,2.42886676093485,2.69434312157743,2.24966152182131,2.46581296748374,2.62122194009741,2.3321730201375,..
GDP per capita growth (annual %),NY.GDP.PCAP.KD.ZG,Kosovo,XKX,..,..,2.48213136621702,3.48417985066689,2.00090826459504,2.36968369213287,1.35059511618216,5.25073970267573,3.24515585374854,3.40056804291793,2.99194336916011,..
GDP per capita growth (annual %),NY.GDP.PCAP.KD.ZG,Kuwait,KWT,..,-0.091234017799195,-7.9452794113574,3.53199240505253,0.869997883805951,-3.94300832473992,-3.97980158055327,-3.20082186828007,-0.22866443323835,-7.04335529504361,-0.741360738908625,..
GDP per capita growth (annual %),NY.GDP.PCAP.KD.ZG,Kyrgyz Republic,KGZ,3.6880115927929,4.17835866808393,-1.65175311775052,4.67471569577968,-1.84814524183192,8.72062381984753,1.93443578099559,1.78254629085603,2.19667242371892,2.69491949275601,1.5728332119447,..
GDP per capita growth (annual %),NY.GDP.PCAP.KD.ZG,Lao PDR,LAO,3.70708366226143,4.0429084764592,6.78083030005759,6.36380316742928,6.40076119727419,6.42812696029671,6.01633055533834,5.65639158224027,5.38631616022003,5.24466005201214,4.61588222048862,..
GDP per capita growth (annual %),NY.GDP.PCAP.KD.ZG,Latvia,LVA,..,6.61798930386534,-2.46440753001707,8.23804817881964,5.43391382450638,3.42986291446299,2.87950346055712,4.10931169190289,2.7081684761481,4.71118077558484,5.47369057618796,..
GDP per capita growth (annual %),NY.GDP.PCAP.KD.ZG,Lebanon,LBN,23.0751529425093,-1.16378806385772,4.9827753201877,-3.91800038397447,-3.5167405073303,-3.90424449942238,-3.77395674377047,-3.73930984948434,-1.09607988997021,-0.935234150336839,-0.342081302313773,..
GDP per capita growth (annual %),NY.GDP.PCAP.KD.ZG,Lesotho,LSO,3.7310481949671,3.20752125768331,6.13897662176677,6.1933566891953,5.31113267912224,1.47440416746511,2.0666774982414,1.94004376885933,2.42364652373128,-3.04405636082056,0.33207349060136,..
GDP per capita growth (annual %),NY.GDP.PCAP.KD.ZG,Liberia,LBR,..,..,2.35837175914735,4.80489688537516,4.90685980146857,5.82096228952889,-1.86681893490575,-2.5205546226379,-4.05719817175481,-0.0469852696917599,-1.22975996453044,..
GDP per capita growth (annual %),NY.GDP.PCAP.KD.ZG,Libya,LBY,..,2.09312900732645,3.94222966276759,-62.3780768411361,121.779542551052,-14.0731087961491,-24.4978795656034,-9.66116844062559,-3.90117993138966,24.9711313888968,6.36824093250934,..
GDP per capita growth (annual %),NY.GDP.PCAP.KD.ZG,Liechtenstein,LIE,1.04525778046738,1.9293165028067,..,..,..,..,..,..,..,..,..,..
GDP per capita growth (annual %),NY.GDP.PCAP.KD.ZG,Lithuania,LTU,..,4.5645787027136,3.6327259527978,8.44743360077787,5.23529786234698,4.61176446748644,4.40179823371842,2.99755803703157,3.86742713812549,5.71553322530551,5.08896661508804,..
GDP per capita growth (annual %),NY.GDP.PCAP.KD.ZG,Luxembourg,LUX,4.00981084856895,6.79469983116832,2.96812251049525,0.285277509939249,-2.71708852655756,1.28620669838423,1.86727728350047,1.87367055539431,2.34480720304488,-0.643742843208457,1.17800011729831,..
GDP per capita growth (annual %),NY.GDP.PCAP.KD.ZG,"Macao SAR, China",MAC,4.51706127229079,3.4237064673128,22.5127863568759,18.8866351939828,6.67951728760312,8.6321952086094,-3.34979455933313,-23.1411931925647,-2.4600444960065,8.166864718233,3.93160838930109,..
GDP per capita growth (annual %),NY.GDP.PCAP.KD.ZG,Madagascar,MDG,0.196034407898466,1.54230950995915,-2.15184662828067,-1.18866898787051,0.233006170645837,-0.437934209231756,0.585373193908652,0.390790756551837,1.23485915756214,1.1850064142388,1.81024820355464,..
GDP per capita growth (annual %),NY.GDP.PCAP.KD.ZG,Malawi,MWI,1.99564341786378,-1.10652178981513,3.84963262923304,1.89318713235363,-0.985564538460054,2.2559643361497,2.77826957420204,0.00205502305720984,-0.255885678311458,1.26339856039046,0.801419696455682,..
GDP per capita growth (annual %),NY.GDP.PCAP.KD.ZG,Malaysia,MYS,5.98030357369224,6.35750270856816,5.62353738013289,3.66615628289205,3.95963465584536,3.27011405523191,4.59519358369842,3.6875522711987,3.04105536005241,4.31327421237684,3.3345011012496,..
GDP per capita growth (annual %),NY.GDP.PCAP.KD.ZG,Maldives,MDV,..,1.66369472616866,3.64713721588616,4.35497370805287,-1.8033264698752,2.54266069013551,2.5377086830778,-1.61607799565601,1.73199898624804,2.30928086717373,2.88973083684236,..
GDP per capita growth (annual %),NY.GDP.PCAP.KD.ZG,Mali,MLI,-4.26773145119597,-2.83182007597617,2.13587050709731,0.144374408582081,-3.72125390810444,-0.621668899114638,3.98168038762667,2.89675506057444,2.69850568632206,2.28586418670076,1.79167665678075,..
GDP per capita growth (annual %),NY.GDP.PCAP.KD.ZG,Malta,MLT,5.25659773465001,6.08345885824623,3.03534634793951,0.878821508859758,1.8710407741906,3.15235295896767,6.55724431666039,8.2049254124704,3.2846537698677,3.84116671501731,3.34279731108256,..
GDP per capita growth (annual %),NY.GDP.PCAP.KD.ZG,Marshall Islands,MHL,-0.475437097513947,0.695065375493243,7.33404365563037,-1.04581171880801,-2.69050966600611,3.31505673085584,-1.35748693075956,1.13143129285601,0.78727949875146,3.47773562769626,2.99498220807803,..
GDP per capita growth (annual %),NY.GDP.PCAP.KD.ZG,Mauritania,MRT,-4.30371563338451,-3.02861556780711,1.75162138401295,1.66496581729245,2.71514904831321,3.00717502207819,2.53401628192107,-2.4299217839007,-1.02398608243631,0.208196426665296,0.714678742319364,..
GDP per capita growth (annual %),NY.GDP.PCAP.KD.ZG,Mauritius,MUS,6.42594403741184,7.14471598141753,4.1291988641932,3.9110012482051,3.2094994517465,3.13285197547427,3.55690427086847,3.41602397332954,3.76659645807264,3.72056764808697,3.71722856647342,..
GDP per capita growth (annual %),NY.GDP.PCAP.KD.ZG,Mexico,MEX,3.20338784922272,3.44098587862088,3.61718943622142,2.22716085156813,2.24714512087824,0.0294494166966928,1.49918893305392,2.0139271135847,1.67969391612471,0.936351596433013,0.991932458168463,..
GDP per capita growth (annual %),NY.GDP.PCAP.KD.ZG,"Micronesia, Fed. Sts.",FSM,1.32356213686531,5.20381167805736,2.32296839272752,2.65091750661126,-2.85839551335825,-4.97101534613785,-3.68782371478684,3.2297578647232,-0.308253107680528,1.53613744793218,-0.839033793843598,..
GDP per capita growth (annual %),NY.GDP.PCAP.KD.ZG,Moldova,MDA,..,2.31557343051362,7.20700852986747,5.87936878134975,-0.576691756215325,9.07306796657757,5.06366348203859,-0.274048788710303,4.4722030874884,4.7721462779549,3.4966089969686,..
GDP per capita growth (annual %),NY.GDP.PCAP.KD.ZG,Monaco,MCO,2.17971412904379,2.93082836550373,0.993333707739026,5.77626027093049,-0.207789358200785,8.29018183789059,5.99076148116389,3.79865846545411,2.54302600472818,-4.21020004167525,5.30456543094968,..
GDP per capita growth (annual %),NY.GDP.PCAP.KD.ZG,Mongolia,MNG,-5.09644014944722,0.25193833578831,4.56235968298977,15.1541628086024,10.15919245027,9.43696905004099,5.74536027616632,0.388160070792992,-0.748813700768949,3.39455816245714,5.31725254619168,..
GDP per capita growth (annual %),NY.GDP.PCAP.KD.ZG,Montenegro,MNE,..,3.27911928477501,2.54626359900882,3.12007432344627,-2.80558965147975,3.44799975962226,1.68497736098362,3.33242403444412,2.92551635940497,4.70468721379108,5.08258777197874,..
GDP per capita growth (annual %),NY.GDP.PCAP.KD.ZG,Morocco,MAR,1.51496009530374,0.667222054270368,2.48564602664969,3.8353236533889,1.58051236593685,3.06034375385538,1.22949354840229,3.10311140049744,-0.221495789311248,2.73689499173508,1.64863051376007,..
GDP per capita growth (annual %),NY.GDP.PCAP.KD.ZG,Mozambique,MOZ,-0.410304609960008,-1.48367976871955,3.60612955908299,4.49111441373786,4.34576820064608,4.04237411124211,4.43455939220347,3.74030376578392,0.884673466748737,0.775389933070514,0.458309215545086,..
GDP per capita growth (annual %),NY.GDP.PCAP.KD.ZG,Myanmar,MMR,1.31511182921888,12.4345718189168,8.8751335662113,4.78428985744355,6.44943057184359,7.50854712806968,7.10610606017521,6.18061781450116,5.13503947229263,6.08396011112933,5.55580423750402,..
GDP per capita growth (annual %),NY.GDP.PCAP.KD.ZG,Namibia,NAM,-1.29226993362704,1.72103481630452,4.14604362138419,3.24811094905522,3.23869440441418,3.78350531828858,4.48420942966257,4.1857243533242,-0.726735433970319,-2.70651858440438,-2.4008197720197,..
GDP per capita growth (annual %),NY.GDP.PCAP.KD.ZG,Nauru,NRU,..,..,12.8017658503604,11.1070541251397,7.70896476785137,27.4924503491812,24.637413774384,-2.31779634462414,5.54372364888206,5.55409179280628,7.13107682619648,..
GDP per capita growth (annual %),NY.GDP.PCAP.KD.ZG,Nepal,NPL,2.08661083324824,4.28748610688569,4.31324315760089,3.31387979486209,4.98141892008843,4.40723133138634,6.03223594315516,2.9094421828454,-0.319386312522269,6.78979820096511,4.90794694128547,..
GDP per capita growth (annual %),NY.GDP.PCAP.KD.ZG,Netherlands,NLD,3.468277547838,3.45353824048497,0.824259960006415,1.07862821355482,-1.39591935084162,-0.424178633897782,1.05910126899116,1.50826615391395,1.64931554652068,2.30428480308397,2.00369176009356,..
GDP per capita growth (annual %),NY.GDP.PCAP.KD.ZG,New Caledonia,NCL,1.1745710195533,0.177142856723876,..,..,..,..,..,..,..,..,..,..
GDP per capita growth (annual %),NY.GDP.PCAP.KD.ZG,New Zealand,NZL,-0.767363480054328,2.30047357325512,0.416658971912256,1.55688985601536,1.66707487749034,1.79027013692314,2.16084649844561,1.64630892913071,1.4925846682536,0.962158613463629,0.846632297432691,..
GDP per capita growth (annual %),NY.GDP.PCAP.KD.ZG,Nicaragua,NIC,-2.21926455654845,2.49442635790449,3.00247946162105,4.89434803539939,5.08177527006674,3.54342694309524,3.41510280256526,3.43707963946986,3.22441343077473,3.34979738227743,-5.01596554369522,..
GDP per capita growth (annual %),NY.GDP.PCAP.KD.ZG,Niger,NER,-4.31406054342519,-4.90397935748985,4.27758354701263,-1.60598743943126,7.57304730179369,1.23463762063025,3.41624721905028,0.364737336840975,0.952882045467149,0.942737602603344,2.4953347016976,..
GDP per capita growth (annual %),NY.GDP.PCAP.KD.ZG,Nigeria,NGA,8.93067776185528,2.41914198112183,5.15854524213108,2.52532401595037,1.47286746392983,3.85373055323622,3.51396344458755,-0.0292954286607028,-4.16841477020191,-1.78882678541616,-0.665579080187712,..
GDP per capita growth (annual %),NY.GDP.PCAP.KD.ZG,North Macedonia,MKD,..,4.01349858835862,3.27379740679477,2.253668162517,-0.541872333986234,2.83603369977965,3.54445430377378,3.77804304806897,2.77840104701819,0.180289922400874,2.61717694488996,..
GDP per capita growth (annual %),NY.GDP.PCAP.KD.ZG,Northern Mariana Islands,MNP,..,..,1.80067119670252,-7.7623775913045,-0.0158584876467103,1.5222495580114,2.80818711710967,2.64046084009284,27.3793472893162,24.7378982355645,-20.0601037855457,..
GDP per capita growth (annual %),NY.GDP.PCAP.KD.ZG,Norway,NOR,1.58222091643037,2.53730175628031,-0.544794329896789,-0.319991951968163,1.36294972167086,-0.180216050698121,0.826056236088164,0.95750076290291,0.185059679800673,1.50014937986147,0.577326046474269,..
GDP per capita growth (annual %),NY.GDP.PCAP.KD.ZG,Oman,OMN,-4.04356542265359,4.79400634165489,-0.889566128310079,-7.48654831928896,1.61503413135351,-3.02328094287482,-3.94521395151466,-1.15166389917887,0.0145165121528095,-3.74556315105512,-1.68210182403824,..
GDP per capita growth (annual %),NY.GDP.PCAP.KD.ZG,Pakistan,PAK,1.41643007889137,1.53612399732043,-0.601300910013151,0.553814318718153,1.32897972639499,2.22327717948816,2.50737624761595,2.56741356205612,3.34998403429753,3.38659602571778,3.67671210995917,..
GDP per capita growth (annual %),NY.GDP.PCAP.KD.ZG,Palau,PLW,..,..,2.13222380564304,6.10662946149918,2.44751191604635,-1.22380387145621,4.25498223288065,9.83210861209504,0.455478150912853,-3.96761093698187,1.14323308949167,..
GDP per capita growth (annual %),NY.GDP.PCAP.KD.ZG,Panama,PAN,5.84505222153535,0.711048053982594,3.98384219426922,9.3977993587452,7.91148659559646,5.09677129756297,3.29257555668359,3.94309386663126,3.18301379583627,3.53390079688862,1.93696407326647,..
GDP per capita growth (annual %),NY.GDP.PCAP.KD.ZG,Papua New Guinea,PNG,-5.29927919219737,-4.68627883356717,7.63181483732316,-1.0803504701489,2.47919334025796,1.72699256252218,11.2812197492375,7.30888676098562,2.01446501766351,1.49765484135345,-2.76011441200268,..
GDP per capita growth (annual %),NY.GDP.PCAP.KD.ZG,Paraguay,PRY,1.38599469576894,-4.27497756307527,9.64863675351553,2.83438566692755,-1.89434015750554,6.93928290915227,3.44278330262561,1.7054031286379,2.94123669886739,3.59484709836791,2.34999034373892,..
GDP per capita growth (annual %),NY.GDP.PCAP.KD.ZG,Peru,PER,-6.95098002526341,1.21313585431875,7.45535864787972,5.4673844908754,5.26752882141093,4.90257197041394,1.30570468169185,1.9633170881576,2.42290129520384,0.829119680820753,2.20561703131051,..
GDP per capita growth (annual %),NY.GDP.PCAP.KD.ZG,Philippines,PHL,0.449365920243721,2.18110004792902,5.85384668131135,1.92077308000145,4.88119440419004,5.26765306144958,4.41172803155578,4.40452766527382,5.28516994523318,5.14662857054604,4.77073894578564,..
GDP per capita growth (annual %),NY.GDP.PCAP.KD.ZG,Poland,POL,..,5.65698414402345,3.90326207585954,4.96078291677343,1.6081495649773,1.45311095910361,3.39580644564703,3.90829390192577,3.10821979495984,4.92456773838559,5.13771369454139,..
GDP per capita growth (annual %),NY.GDP.PCAP.KD.ZG,Portugal,PRT,4.17732901101544,3.08905383169873,1.69092874881638,-1.55146928111979,-3.66753162556232,-0.37739792013717,1.33712077921395,2.21448311689115,2.34182293683753,3.75909456249113,2.6259683654019,..
GDP per capita growth (annual %),NY.GDP.PCAP.KD.ZG,Puerto Rico,PRI,-3.70170811331964,2.98675151003449,0.0921020717791237,0.800573059973473,1.24696939039633,0.842159017658133,0.43657353906228,0.708618281775756,0.66945091151058,-0.271578082996015,-1.04108061898415,..
GDP per capita growth (annual %),NY.GDP.PCAP.KD.ZG,Qatar,QAT,..,..,6.61878487542442,3.37658972134101,-2.94964785858576,-1.86799586745329,-1.20585956299077,-0.645691867833932,-1.28017915710866,-1.04285298758252,-0.584669133443043,..
GDP per capita growth (annual %),NY.GDP.PCAP.KD.ZG,Romania,ROU,..,2.5939752319907,-3.32875036446968,2.51013094717464,2.53260302566227,3.89963972603289,3.79888702175988,4.36163303977312,5.40266296035755,7.73943249498453,4.55997844505912,..
GDP per capita growth (annual %),NY.GDP.PCAP.KD.ZG,Russian Federation,RUS,-3.37349524092159,10.4636649564469,4.45310320377916,4.21874117233119,3.52567499457483,1.58347451903256,-1.08094175867427,-2.51818098268866,0.145592470883599,1.51517458326131,2.26178050398569,..
GDP per capita growth (annual %),NY.GDP.PCAP.KD.ZG,Rwanda,RWA,-2.55859613625921,2.46385517655206,4.59158211672977,5.2944328622598,6.00167286641526,2.18342445877317,3.55787959852496,6.13466138899055,3.25889874984249,3.35217885992358,5.77276495542314,..
GDP per capita growth (annual %),NY.GDP.PCAP.KD.ZG,Samoa,WSM,-4.92810185703389,6.40090949497565,-0.273560947321911,3.32875545705295,-4.90992962985928,-1.26941266222572,-0.704799490125652,3.57601058051051,7.48648944661412,0.593095126426803,-2.55617447750686,..
GDP per capita growth (annual %),NY.GDP.PCAP.KD.ZG,San Marino,SMR,..,1.0309174056928,-5.91641381891313,-10.6757529143373,-8.82709513434922,-4.36714067295162,-2.08806907854802,-0.379634527530655,1.49231136580705,0.996584598022054,..,..
GDP per capita growth (annual %),NY.GDP.PCAP.KD.ZG,Sao Tome and Principe,STP,..,..,4.01362796766125,2.04855756503304,1.01786560806956,2.80511706444511,4.56838861970945,1.87005710465577,2.22709401894157,1.93409358547727,0.74150891054461,..
GDP per capita growth (annual %),NY.GDP.PCAP.KD.ZG,Saudi Arabia,SAU,11.1665839146669,3.22645783640716,2.00891715906506,6.70398181219392,2.20265505033078,-0.367217943283805,0.75423477686536,1.47837223848761,-0.601129290371532,-2.71045514136294,0.607923521071328,..
GDP per capita growth (annual %),NY.GDP.PCAP.KD.ZG,Senegal,SEN,-3.61578855602778,0.786817359378446,0.760392105794367,-1.3101644026393,2.22958954825985,-0.0160396709253803,3.66236746095095,3.42158566179197,3.41211021266612,4.12550242394079,3.83706200836902,..
GDP per capita growth (annual %),NY.GDP.PCAP.KD.ZG,Serbia,SRB,..,8.10407748124797,1.13680312515818,2.84500869987798,-0.198375653028876,3.39452093653341,-1.12639613571892,2.2811331614037,3.88293917283164,2.59385005571187,4.97196452481579,..
GDP per capita growth (annual %),NY.GDP.PCAP.KD.ZG,Seychelles,SYC,6.47216596278875,0.612194895809722,3.03727652439191,10.7608683503237,0.272336546679327,4.07802463446419,2.89189820261761,2.6233915237341,3.11447139891901,3.06310850040521,2.64314769997245,..
GDP per capita growth (annual %),NY.GDP.PCAP.KD.ZG,Sierra Leone,SLE,1.78726948904098,3.81010274520631,3.0000089448027,3.92404020680459,12.6192136998357,18.0531371880676,2.27459980667726,-22.3122503048652,3.78462983676143,1.99024006788851,1.25932772139537,..
GDP per capita growth (annual %),NY.GDP.PCAP.KD.ZG,Singapore,SGP,5.63191740961058,7.16685251521103,12.5143149370234,4.06973859963892,1.91794555760912,3.1314347328029,2.56020719666732,1.67901880556312,1.63508553108656,3.60794895341697,2.65615000756203,..
GDP per capita growth (annual %),NY.GDP.PCAP.KD.ZG,Sint Maarten (Dutch part),SXM,..,..,3.75150914111006,6.54277559581442,-2.13646282025343,-4.13677564787119,-1.32537772499819,-2.44213392614421,-2.44209123213217,-9.79134804829928,..,..
GDP per capita growth (annual %),NY.GDP.PCAP.KD.ZG,Slovak Republic,SVK,..,1.30357559400012,5.62236809098431,2.73189864101768,1.72254806747387,0.562723799129188,2.65276616783316,4.72234949084245,1.99188810553051,2.88095477232149,3.88513015157766,..
GDP per capita growth (annual %),NY.GDP.PCAP.KD.ZG,Slovenia,SVN,..,3.36587501636454,0.902771383852325,0.652024556510767,-2.84370499280638,-1.16352193332934,2.66713324907568,2.1332580450445,3.04624519630798,4.76509673716556,4.06866106600938,..
GDP per capita growth (annual %),NY.GDP.PCAP.KD.ZG,Solomon Islands,SLB,..,-16.568170989033,4.24333416676768,10.3402445713341,1.82090897911917,0.264323898186731,-0.492002420191923,-0.184714290847836,0.501603028100163,0.987148210986504,1.17903612266359,..
GDP per capita growth (annual %),NY.GDP.PCAP.KD.ZG,Somalia,SOM,-2.73625508813262,..,..,..,..,..,..,..,..,..,..,..
GDP per capita growth (annual %),NY.GDP.PCAP.KD.ZG,South Africa,ZAF,-2.67561394923803,2.74209071761899,1.55107252579849,1.72071428259082,0.607949069116557,0.852684803699063,0.247278816490265,-0.341677246440881,-1.06086820384171,-0.00313895407710163,-0.572080196712221,..
GDP per capita growth (annual %),NY.GDP.PCAP.KD.ZG,South Sudan,SSD,..,..,1.43155389094001,-7.76701924942273,-47.5905801597379,10.4925338706586,1.41636334724149,-12.1317982318954,..,..,..,..
GDP per capita growth (annual %),NY.GDP.PCAP.KD.ZG,Spain,ESP,3.67576785352585,4.7764514150568,-0.297088607471025,-1.16619262555828,-3.02242536982695,-1.11189885449343,1.68744970379751,3.91576845137082,2.9454403771112,2.64959064764079,2.06511204193984,..
GDP per capita growth (annual %),NY.GDP.PCAP.KD.ZG,Sri Lanka,LKA,5.05496285314196,5.35471080023402,7.27906415504532,7.6770294351024,9.0038732703058,2.59207380970925,3.98575520647266,4.04623956631542,3.33842975590277,2.25752780562264,2.13274609638485,..
GDP per capita growth (annual %),NY.GDP.PCAP.KD.ZG,St. Kitts and Nevis,KNA,5.12501209609314,9.25487373278054,-3.76240969776495,0.940857580047165,-3.0903546924995,4.45403786233409,5.35747591233874,0.187201888879713,1.98584168872706,-2.76837885952423,2.14672480942217,..
GDP per capita growth (annual %),NY.GDP.PCAP.KD.ZG,St. Lucia,LCA,8.11359642992804,-1.05815922992851,-0.770176225532168,3.27384161033253,-0.909722559359437,-2.45323817074878,0.893812046845582,-0.230197816810318,2.63181538347635,2.02240555910748,0.339234187154531,..
GDP per capita growth (annual %),NY.GDP.PCAP.KD.ZG,St. Martin (French part),MAF,..,..,..,..,..,..,..,..,..,..,..,..
GDP per capita growth (annual %),NY.GDP.PCAP.KD.ZG,St. Vincent and the Grenadines,VCT,3.74972362923775,1.61466115457209,-3.32495735068946,-0.47543201994759,1.27116013464044,1.65748003872754,0.991827519689451,1.06383187078811,1.60792519690112,0.661933523735826,1.80809329953506,..
GDP per capita growth (annual %),NY.GDP.PCAP.KD.ZG,Sudan,SDN,-7.87378950364833,3.44213113927457,0.821545218788344,7.25566561017192,11.8286971969221,1.92014094164139,0.232297870942546,2.41088634801837,2.2183323855806,1.81493877275854,-4.62984322829847,..
GDP per capita growth (annual %),NY.GDP.PCAP.KD.ZG,Suriname,SUR,-6.40520105240282,0.893744070618624,3.97230421060179,4.65317552665307,1.53944859208917,1.7963211500708,-0.828461588508972,-4.42510635332521,-6.52165097270641,0.687495235292985,0.92786588679337,..
GDP per capita growth (annual %),NY.GDP.PCAP.KD.ZG,Sweden,SWE,-0.0207591911188985,4.70625771528572,5.28758976298924,2.2770546766192,-1.36335763193705,0.234883648046718,1.73284990535178,3.32241469763161,1.13431554486745,1.04116339277707,0.965620048897819,..
GDP per capita growth (annual %),NY.GDP.PCAP.KD.ZG,Switzerland,CHE,2.61546624604011,3.35449182925997,1.93553204733263,0.568314659074829,-0.0607503283127926,0.68756733677921,1.20678766353788,0.18641349900652,0.617849426383273,0.853947374730211,1.9698872465396,..
GDP per capita growth (annual %),NY.GDP.PCAP.KD.ZG,Syrian Arab Republic,SYR,4.47778052948631,0.25823023992757,..,..,..,..,..,..,..,..,..,..
GDP per capita growth (annual %),NY.GDP.PCAP.KD.ZG,Tajikistan,TJK,-3.11970150755309,6.63960422405987,4.21913654646124,5.02707203010443,5.06580882599098,4.93575174194199,4.20972463068894,3.48542687848659,4.28796556041225,4.99149909774094,4.69946434079498,..
GDP per capita growth (annual %),NY.GDP.PCAP.KD.ZG,Tanzania,TZA,3.68765095158197,1.97869180172768,3.2902524588597,4.54980649989309,1.44255539068374,3.63800838842414,3.58137275797725,3.02598361300326,3.71371379774754,3.64001088107275,2.11505515987722,..
GDP per capita growth (annual %),NY.GDP.PCAP.KD.ZG,Thailand,THA,9.62221855708884,3.370393089554,6.9884807078096,0.357024258504126,6.7407279707071,2.22243301215208,0.550265984732462,2.71997610557426,2.97163312003508,3.66557394696842,3.80126980966607,..
GDP per capita growth (annual %),NY.GDP.PCAP.KD.ZG,Timor-Leste,TLS,..,..,-2.91143438666032,9.49258980599683,3.18377358877476,-12.6513354120141,-27.2344102635428,18.4102215499703,-1.19180795390092,-10.9057128095317,0.810281644899845,..
GDP per capita growth (annual %),NY.GDP.PCAP.KD.ZG,Togo,TGO,-2.7742288978796,-3.6838551200636,3.27656717760685,3.58717176490761,3.7459288985215,3.35202984077185,3.20095983066166,3.06921763714962,2.93353817723872,1.80187236346762,2.3752725065104,..
GDP per capita growth (annual %),NY.GDP.PCAP.KD.ZG,Tonga,TON,-2.26871132182455,2.85179297362106,3.49002696731392,3.205965319049,1.70049336749929,-2.19815126549558,2.82025869768351,3.96602996197217,3.01965475149598,1.82904664797347,-0.865346735208718,..
GDP per capita growth (annual %),NY.GDP.PCAP.KD.ZG,Trinidad and Tobago,TTO,0.82261208712535,6.6297093812568,2.76177803853174,-0.89362788888026,0.619413976449906,1.55824606022068,-1.54110504137415,1.22977935680311,-6.78864834181647,-2.77145064925324,-0.660494390281343,..
GDP per capita growth (annual %),NY.GDP.PCAP.KD.ZG,Tunisia,TUN,5.5624672569661,3.6877999920446,2.44438136856031,-2.89085824959695,2.98979703441806,1.88039852169113,1.94523994235124,0.137805236787884,0.151743933045537,0.671392805597407,1.31525212464101,..
GDP per capita growth (annual %),NY.GDP.PCAP.KD.ZG,Turkey,TUR,7.38308350894327,5.03338783436449,6.97903187683593,9.42377119943873,3.09266028543382,6.66872942488159,3.39192850541498,4.33308277099694,1.51328364880945,5.77447286456356,1.30556428516834,..
GDP per capita growth (annual %),NY.GDP.PCAP.KD.ZG,Turkmenistan,TKM,31.7794525888039,4.30141865607818,7.49865923447261,12.7742065955761,9.12144180813601,8.17778864394676,8.28314040832132,4.60627304672488,4.37913284630078,4.73728487434192,4.50761616187347,..
GDP per capita growth (annual %),NY.GDP.PCAP.KD.ZG,Turks and Caicos Islands,TCA,..,..,..,..,-4.50137409734052,-0.575537125630703,4.77892113172589,4.13931819347447,2.74913612003547,2.71337075549134,3.74471268028005,..
GDP per capita growth (annual %),NY.GDP.PCAP.KD.ZG,Tuvalu,TUV,..,-1.47660483939686,-3.70859986265398,6.47446607610796,-4.78494433509991,3.44022379657396,0.285761364533045,7.89402939283067,1.87816412274256,2.76652144864558,1.27085505735143,..
GDP per capita growth (annual %),NY.GDP.PCAP.KD.ZG,Uganda,UGA,2.84603939237624,0.0988637802913388,2.32440176486624,5.96468779503705,0.585699588812943,0.290029687641777,1.64121297118946,1.57393951752336,1.02277812716582,0.0404095716355783,2.27461502218904,..
GDP per capita growth (annual %),NY.GDP.PCAP.KD.ZG,Ukraine,UKR,-6.56000651945178,6.97136864787721,4.24772691496014,5.84534174594795,0.486676586685419,0.201173610668206,-1.14453180874146,-9.44424313455637,2.85486379880933,2.91712336406636,3.86273257167309,..
GDP per capita growth (annual %),NY.GDP.PCAP.KD.ZG,United Arab Emirates,ARE,11.6783978861004,4.9095039238249,-5.91481032440899,2.18792077509458,2.25792624286404,4.41015904513891,4.10021947110084,4.55305540522957,1.98113939541591,-0.846125273560844,0.207936371159946,..
GDP per capita growth (annual %),NY.GDP.PCAP.KD.ZG,United Kingdom,GBR,0.438627901426258,3.06854809392598,1.1534748933105,0.749525179463745,0.77577230721721,1.4579115443597,1.83738737138741,1.54505648217543,1.19302055364112,1.17747208372161,0.729787205725756,..
GDP per capita growth (annual %),NY.GDP.PCAP.KD.ZG,United States,USA,0.741481518072391,2.97520862601139,1.71674815989624,0.816231684014994,1.50217058263553,1.13849725830684,1.70263424714736,2.12512281615798,0.835127873350956,1.56444443081496,2.29172949198735,..
GDP per capita growth (annual %),NY.GDP.PCAP.KD.ZG,Uruguay,URY,-0.380181021774234,-2.27627549762025,7.49536552987674,4.8606248762658,3.23053406033031,4.314466923353,2.90497780659831,0.0302405923519444,1.32976956950385,2.21776864360908,1.24731254757138,..
GDP per capita growth (annual %),NY.GDP.PCAP.KD.ZG,Uzbekistan,UZB,-1.33198973619056,2.40808172399159,4.60233039372791,4.9303467365346,5.80654463500532,5.91726804102586,5.38656329739868,5.58975924062204,4.26532499134677,2.71764359288866,3.31412256339001,..
GDP per capita growth (annual %),NY.GDP.PCAP.KD.ZG,Vanuatu,VUT,8.82642628993106,3.79927450287934,-0.936911700485723,-1.46406874440679,-1.03729740832175,-0.866210852327455,-0.48157635071567,-2.47638549773171,0.82260266590022,1.77455080382471,0.671832718327252,..
GDP per capita growth (annual %),NY.GDP.PCAP.KD.ZG,"Venezuela, RB",VEN,3.9397708252982,1.74711429747667,-2.9052600304302,2.55931328733871,3.92054222297398,-0.0898371072948549,-4.73105016156384,..,..,..,..,..
GDP per capita growth (annual %),NY.GDP.PCAP.KD.ZG,Vietnam,VNM,2.87700794076875,5.61863407832779,5.36418076533876,5.15973579385422,4.15633378057983,4.31719104743868,4.87299904180681,5.57139034213074,5.12005124042108,5.73062827265277,6.01808839754494,..
GDP per capita growth (annual %),NY.GDP.PCAP.KD.ZG,Virgin Islands (U.S.),VIR,..,..,0.947883004836683,-8.10247914253996,-14.9399230232644,-5.70269318497409,-0.719194740552936,0.356033325731886,1.0921044061283,-1.47476718596891,..,..
GDP per capita growth (annual %),NY.GDP.PCAP.KD.ZG,West Bank and Gaza,PSE,..,-10.8631881105429,5.32786167771752,9.61052225332352,3.69356957510769,-0.207437730719391,-2.49449405052451,1.08664270704016,2.38278956581672,1.10936176987309,-1.61856449743397,..
GDP per capita growth (annual %),NY.GDP.PCAP.KD.ZG,"Yemen, Rep.",YEM,..,3.20596151550967,4.73288165118251,-15.1079938863697,-0.39176256584598,2.01429678063505,-2.80297619948192,-18.799099146736,-15.7526754143643,-8.19488956593459,-4.96800674719682,..
GDP per capita growth (annual %),NY.GDP.PCAP.KD.ZG,Zambia,ZMB,-3.16368946732436,1.15042295200891,7.12978361443611,2.42393403998302,4.31037176214947,1.81195754180546,1.47842443546141,-0.188631778933186,0.687321043284371,0.395739930554797,0.815169498674109,..
GDP per capita growth (annual %),NY.GDP.PCAP.KD.ZG,Zimbabwe,ZWE,4.13171901112221,-3.53859548955766,18.0659668977904,12.4528571361864,14.701172623904,0.192501098706813,0.596198048811488,0.100456019611102,-0.793566445828347,3.18639903369305,4.67202925903057,..
GDP per capita growth (annual %),NY.GDP.PCAP.KD.ZG,Arab World,ARB,9.09613768208106,3.25517371209921,2.33011868340911,1.27008492854822,4.27915919991861,0.923670101072887,0.273518618921202,1.18805741615304,1.32674928421569,-1.09524169198279,0.127618283971387,..
GDP per capita growth (annual %),NY.GDP.PCAP.KD.ZG,Caribbean small states,CSS,0.253106141596703,3.1003503325834,0.556907216737429,0.310428766241159,0.550776001413183,0.0616679285929678,-0.2085953255134,0.49686396736422,-2.28967872380105,-0.815806859740391,0.656206770211838,..
GDP per capita growth (annual %),NY.GDP.PCAP.KD.ZG,Central Europe and the Baltics,CEB,..,4.61041697313178,1.9647683250445,3.475836840089,0.993176428036719,1.47612753928259,3.25777645166474,4.1482179206449,3.31418891499962,5.05964736828581,4.53642975228978,..
GDP per capita growth (annual %),NY.GDP.PCAP.KD.ZG,Early-demographic dividend,EAR,3.43081604490666,2.59979332892777,4.5742197811139,3.41753415254233,2.73905269661243,2.82876727396611,2.56564366917023,3.22490886940179,3.38186148549124,3.33435461591043,2.78080601984792,..
GDP per capita growth (annual %),NY.GDP.PCAP.KD.ZG,East Asia & Pacific,EAS,3.53587172062224,3.91285799687307,6.33240783548436,3.91491670179016,3.98091130280133,4.04731409618357,3.43276468808247,3.43979110938872,3.34845370317734,3.88289468388241,3.5705492554212,..
GDP per capita growth (annual %),NY.GDP.PCAP.KD.ZG,East Asia & Pacific (excluding high income),EAP,3.73191334687561,6.45007950015624,8.99839711724326,7.69696248258276,6.73483678753711,6.42564433213053,5.98498195404163,5.74738728512763,5.60232650548653,5.69708404984517,5.60584879006423,..
GDP per capita growth (annual %),NY.GDP.PCAP.KD.ZG,East Asia & Pacific (IDA & IBRD countries),TEA,3.73039976787607,6.44844674409954,8.99584113650214,7.69462843483069,6.73269713383205,6.42326550750929,5.98238443721348,5.74483272683904,5.5994981685507,5.69415616391507,5.60353918458891,..
GDP per capita growth (annual %),NY.GDP.PCAP.KD.ZG,Euro area,EMU,3.10928072679211,3.52259051213819,1.89333295301502,1.90838548567235,-1.11019511056942,-0.590879239352603,1.05225123154537,1.79287196415663,1.58605236061284,2.37762828764812,1.71535713520406,..
GDP per capita growth (annual %),NY.GDP.PCAP.KD.ZG,Europe & Central Asia,ECS,1.79058479641954,4.16322071765633,2.23001762600438,2.14247266235515,-0.113206700498296,0.42140433749455,1.33981204859029,1.55619061487377,1.45780738205055,2.35318737068215,1.76298440881999,..
GDP per capita growth (annual %),NY.GDP.PCAP.KD.ZG,Europe & Central Asia (excluding high income),ECA,-2.0795975638578,7.97649819709576,4.5371900177683,5.45012196910797,3.12060935392591,3.39457627716411,1.61480051706261,0.206147941509286,1.13547502556219,3.45111191976312,2.33666983562352,..
GDP per capita growth (annual %),NY.GDP.PCAP.KD.ZG,Europe & Central Asia (IDA & IBRD countries),TEC,-2.04899387321858,7.48683203293416,4.30869177513105,5.26776482900897,2.81585998644735,3.05912544170866,1.78568898932889,0.678375653506919,1.39597290798019,3.62028598568953,2.69044595774976,..
GDP per capita growth (annual %),NY.GDP.PCAP.KD.ZG,European Union,EUU,2.63812409932187,3.71576913193496,-12.8159202529663,2.01532276328716,-0.891545985253103,-0.303093318322354,1.3313492439521,2.12969045234306,1.84524995000386,2.5749560169368,1.97700628116459,..
GDP per capita growth (annual %),NY.GDP.PCAP.KD.ZG,Fragile and conflict affected situations,FCS,10.954163709499,-0.58115471961365,4.11125932616874,-7.6145304335642,9.78491558928836,1.46502599046524,-1.18994247504671,-0.0352696873512315,3.58416438235574,0.558420573623891,-0.226919100342954,..
GDP per capita growth (annual %),NY.GDP.PCAP.KD.ZG,Heavily indebted poor countries (HIPC),HPC,-3.35859493167239,-0.0527321872150992,2.99110146464139,1.62625839402813,2.7841221461134,2.82443698411214,2.61880960579251,2.01910582347212,1.76360722478599,2.24638915216629,1.29295680800413,..
GDP per capita growth (annual %),NY.GDP.PCAP.KD.ZG,High income,HIC,2.35183824755126,3.3855121525981,2.28307044945424,1.37629825020551,0.68563203248884,0.840771262187673,1.41031232409546,1.72878206009305,1.11733666326455,1.7864160244077,1.74095597399638,..
GDP per capita growth (annual %),NY.GDP.PCAP.KD.ZG,IBRD only,IBD,0.311178342394285,4.38824687789821,6.25854515201279,4.95422566470312,3.99598137330818,3.93492005668246,3.26163622226592,2.85166937882376,3.30301396106097,3.89443409952437,3.68986286226938,..
GDP per capita growth (annual %),NY.GDP.PCAP.KD.ZG,IDA & IBRD total,IBT,0.245263061105391,3.99875502873057,5.8576705723931,4.53957020732044,3.66531297259898,3.68704943831082,3.03791998497192,2.55165013825487,2.89539887735735,3.50913343976306,3.31117211324568,..
GDP per capita growth (annual %),NY.GDP.PCAP.KD.ZG,IDA blend,IDB,3.6045420498223,1.28099230155686,3.69444082843584,2.50347196250698,2.13321711158696,3.4028342512586,3.38773905301808,1.55093191915651,-0.71102421832056,0.450699314274132,1.32045474382009,..
GDP per capita growth (annual %),NY.GDP.PCAP.KD.ZG,IDA only,IDX,-1.62842171366506,1.47684936186758,3.85760341592925,1.80404523417961,2.60545627805809,3.79130201066857,3.28810519490955,2.20655596437231,2.51820411582419,3.39650413356493,2.72521904659118,..
GDP per capita growth (annual %),NY.GDP.PCAP.KD.ZG,IDA total,IDA,1.23147682244804,1.36760742149261,3.80766865581596,2.1965811746212,2.3876194250426,3.61754787910196,3.36270997762141,1.88860691942682,0.87098611017646,1.91191992070969,2.02481105950231,..
GDP per capita growth (annual %),NY.GDP.PCAP.KD.ZG,Late-demographic dividend,LTE,-1.17385879685304,5.96986191991245,6.98352856753246,6.067694276663,4.75243551024325,4.56819000371102,3.95436297006945,3.24565186696728,3.12963371224112,4.04770334903989,4.25507132741096,..
GDP per capita growth (annual %),NY.GDP.PCAP.KD.ZG,Latin America & Caribbean,LCN,-1.49523869508562,2.29067156341098,4.66601347395141,3.22232029895233,1.65693591815932,1.64818621508647,-0.0583704931953974,-0.935046585641715,-1.33980554991817,0.682988998340988,0.546691529785022,..
GDP per capita growth (annual %),NY.GDP.PCAP.KD.ZG,Latin America & Caribbean (excluding high income),LAC,-1.55301987663258,2.25699449062131,4.8169132732875,3.22009567629679,1.54910985616417,1.60554628887493,-0.112113179065858,-1.10039497169853,-1.48191988532137,0.760620330291786,0.499883255220638,..
GDP per capita growth (annual %),NY.GDP.PCAP.KD.ZG,Latin America & the Caribbean (IDA & IBRD countries),TLA,-1.39378808580898,2.24515407490968,4.8340756692342,3.32038448223668,1.68818257554959,1.6904873241711,-0.0530681980098393,-1.00924331094107,-1.37634207346078,0.725903461772432,0.601303211842435,..
GDP per capita growth (annual %),NY.GDP.PCAP.KD.ZG,Least developed countries: UN classification,LDC,-2.24449911337091,1.63164587984184,3.79802383229911,1.38984953756804,2.50705542187217,3.26644769319033,2.98064855332485,1.6342270330024,1.41981143611767,2.38257685479373,1.82270797453914,..
GDP per capita growth (annual %),NY.GDP.PCAP.KD.ZG,Low & middle income,LMY,0.144371296951491,4.03314643235355,5.9691512387943,4.56330309138808,3.74683439104994,3.77721672853309,3.08549817887496,2.57222325155817,2.94428574200354,3.54102142178429,3.30679778424667,..
GDP per capita growth (annual %),NY.GDP.PCAP.KD.ZG,Low income,LIC,-2.23128522861231,-0.0696535490365591,4.21523218800976,0.905878740065717,0.953806452547965,3.51612748109096,3.22094605896,0.388037491427923,0.848647419084486,2.23450985343196,2.2790853035668,..
GDP per capita growth (annual %),NY.GDP.PCAP.KD.ZG,Lower middle income,LMC,1.49646323884653,2.46444980348635,5.17757249869157,3.37960367107051,3.58806380122225,4.06117109362189,4.10749722765185,4.06127728425068,4.06482355986219,4.08765837494653,4.040168067639,..
GDP per capita growth (annual %),NY.GDP.PCAP.KD.ZG,Middle East & North Africa,MEA,9.21536047171489,3.76118262181589,2.86547126400328,1.56615858602282,1.81853920148531,0.686679066162199,0.938935914904746,0.588083018894409,3.03745889584015,-0.27934325867291,0.592069279608907,..
GDP per capita growth (annual %),NY.GDP.PCAP.KD.ZG,Middle East & North Africa (excluding high income),MNA,9.03122650846339,2.59941775892575,3.40777738894022,-2.69299084561902,0.963651632506554,-0.154752626914018,0.285265235242079,-0.781189343068462,5.86895358177159,1.17486291188928,..,..
GDP per capita growth (annual %),NY.GDP.PCAP.KD.ZG,Middle East & North Africa (IDA & IBRD countries),TMN,9.9929263791461,2.71544098704123,3.39906104839973,-2.77371801328347,0.945068419136106,-0.152132267836208,0.309744225755921,-0.793783171754441,5.89923540714439,1.17667267831393,..,..
GDP per capita growth (annual %),NY.GDP.PCAP.KD.ZG,Middle income,MIC,0.236782470574042,4.19404379849901,6.12797601271313,4.74261587121929,3.90809720642642,3.90152036779972,3.20691019546784,2.73302884662694,3.11069904398242,3.70376362499982,3.47493088822257,..
GDP per capita growth (annual %),NY.GDP.PCAP.KD.ZG,North America,NAC,0.540618117147275,3.06309824754712,1.73736101799098,0.943475099574087,1.41676421561007,1.14813470211924,1.71587671293105,1.90920021848157,0.749795271716394,1.58200763195147,2.11043930219415,..
GDP per capita growth (annual %),NY.GDP.PCAP.KD.ZG,Not classified,INX,..,..,..,..,..,..,..,..,..,..,..,..
GDP per capita growth (annual %),NY.GDP.PCAP.KD.ZG,OECD members,OED,2.22690161692188,3.28471809749489,2.26041444434743,1.31873083427571,0.647430153343123,0.837580689454768,1.37101281314283,1.76380565611454,1.08973608917265,1.87890222877999,1.67792898784822,..
GDP per capita growth (annual %),NY.GDP.PCAP.KD.ZG,Other small states,OSS,..,..,5.72514962104371,5.1891138674393,1.35112982499273,0.790912158138511,0.806557528495716,0.825510947109478,0.37253992608224,0.169344830473264,0.113216066885641,..
GDP per capita growth (annual %),NY.GDP.PCAP.KD.ZG,Pacific island small states,PSS,2.69417063970205,-1.84805793392749,1.61205834094974,2.60839086327979,-0.0929633033897659,1.72949513986522,2.51502345105341,2.72461487113557,1.88169019023523,2.55557514590028,1.18063927886219,..
GDP per capita growth (annual %),NY.GDP.PCAP.KD.ZG,Post-demographic dividend,PST,2.1967991439072,3.40591767833006,2.35115361023436,1.31721097650053,0.698066044088279,0.893842044921868,1.40557609456961,1.64986767474846,1.18434845268176,1.93565298823646,1.79010159604928,..
GDP per capita growth (annual %),NY.GDP.PCAP.KD.ZG,Pre-demographic dividend,PRE,6.77967758291041,0.202576795108911,3.30465894074918,1.59048985976953,2.66074196973864,2.90901533708026,1.81067668950232,0.174159605235261,0.220276213784288,-1.23781460868196,-0.781948923582945,..
GDP per capita growth (annual %),NY.GDP.PCAP.KD.ZG,Small states,SST,..,2.90241363237891,4.90556911816398,4.48551791961707,1.31559216278872,0.797368226884473,0.780918125282156,0.904703492641133,0.115769600148695,0.170644068771296,0.296178517812479,..
GDP per capita growth (annual %),NY.GDP.PCAP.KD.ZG,South Asia,SAS,3.12237841390781,2.12672715474409,6.17990216860575,3.69855527836189,4.11015825129759,4.71775096942115,5.63826274553986,6.1424541354062,6.38428942994041,5.63450586652461,5.39623715942427,..
GDP per capita growth (annual %),NY.GDP.PCAP.KD.ZG,South Asia (IDA & IBRD),TSA,3.12237841390781,2.12672715474413,6.17990216860575,3.69855527836189,4.11015825129759,4.71775096942113,5.63826274553992,6.14245413540617,6.38428942994045,5.63450586652465,5.39623715942423,..
GDP per capita growth (annual %),NY.GDP.PCAP.KD.ZG,Sub-Saharan Africa,SSF,-0.4393167068162,0.829489120367725,2.74212198640468,1.63912093527698,1.24671665428984,2.18541500768261,1.85940367794808,0.0905646016572206,-1.44651060972018,-0.166189437834745,-0.285488423327209,..
GDP per capita growth (annual %),NY.GDP.PCAP.KD.ZG,Sub-Saharan Africa (excluding high income),SSA,-0.443090773742853,0.831243795089875,2.7418724484626,1.63620310406655,1.2485305816999,2.18462558604806,1.85940004328553,0.0890439307642055,-1.44898109668311,-0.167656651215154,-0.286576099549364,..
GDP per capita growth (annual %),NY.GDP.PCAP.KD.ZG,Sub-Saharan Africa (IDA & IBRD countries),TSS,-0.439316706816257,0.829489120367711,2.74212198640468,1.63912093527701,1.24671665428988,2.18541500768261,1.85940367794808,0.0905646016571495,-1.44651060972015,-0.166189437834788,-0.28548842332718,..
GDP per capita growth (annual %),NY.GDP.PCAP.KD.ZG,Upper middle income,UMC,0.135435992157767,5.01767361523515,6.73916536071646,5.45130233543682,4.30128720297836,4.1476316108279,3.23201786187242,2.61875595306849,3.09029923071358,3.8477811828608,3.57721077429713,..
GDP per capita growth (annual %),NY.GDP.PCAP.KD.ZG,World,WLD,1.15722141705321,3.02096095544179,3.0582613436009,1.93932551519269,1.30736096971398,1.45233586729026,1.63285610436792,1.66837665006925,1.40217924637058,2.02237456413501,1.92256841468836,..
,,,,,,,,,,,,,,,
,,,,,,,,,,,,,,,
,,,,,,,,,,,,,,,
Data from database: World Development Indicators,,,,,,,,,,,,,,,
Last Updated: 04/09/2020,,,,,,,,,,,,,,,
